{
  "null": {
    "Om": 0.330637506114505,
    "g0": 0.002401551492551166,
    "chi2": 1411.9796199968723
  },
  "alt": {
    "Om": 0.3289965396017769,
    "g0": -0.01435904941601366,
    "g1": 0.0760586143551322,
    "g1_err": 0.031223312529095902,
    "chi2": 1408.4664841464428
  },
  "delta_chi2": 3.513135850429535,
  "p_value": 0.06088411353775304,
  "significance": 1.8743361092476276,
  "g1_significance": 2.435955963489007
}