{
  "N_overlap_name": 339,
  "N_overlap_z": 202,
  "full": {
    "dOm": -0.050924600790593966,
    "err": 0.034182107238279046,
    "sig": 1.4898028502340468
  },
  "no_overlap": {
    "dOm": -0.05087546843338003,
    "err": 0.03726102606668436,
    "sig": 1.3653802324801931
  }
}